<?xml version="1.0" encoding="UTF-8"?>

<Composition xmlns="http://hl7.org/fhir">
  <id value="Questionnaire-PHQ9"/>
  <text>
    <status value="generated"/><div xmlns="http://www.w3.org/1999/xhtml"><p><b>Generated Narrative: Composition</b><a name="Questionnaire-PHQ9"> </a><a name="hcQuestionnaire-PHQ9"> </a></p><div style="display: inline-block; background-color: #d9e0e7; padding: 6px; margin: 4px; border: 1px solid #8da1b4; border-radius: 5px; line-height: 60%"><p style="margin-bottom: 0px">Resource Composition &quot;Questionnaire-PHQ9&quot; </p></div><p><b>identifier</b>: <code>http://healthintersections.com.au/test</code>/1</p><p><b>status</b>: final</p><p><b>type</b>: Health Assessment Questionnaire [HAQ] <span style="background: LightGoldenRodYellow; margin: 4px; border: 1px solid khaki"> (<a href="https://loinc.org/">LOINC</a>#71950-0)</span></p><p><b>category</b>: Report <span style="background: LightGoldenRodYellow; margin: 4px; border: 1px solid khaki"> (<a href="https://loinc.org/">LOINC</a>#LP183761-8)</span></p><p><b>encounter</b>: <a href="Encounter/xcda">Encounter/xcda</a></p><p><b>date</b>: 2012-01-04 09:10:14+0000</p><p><b>author</b>: <a href="Practitioner/xcda-author">Practitioner/xcda-author: Doctor, MD</a></p><p><b>title</b>: Patient Health Questionnaire - Questionnaire</p><h3>Attesters</h3><table class="grid"><tr><td style="display: none">-</td><td><b>Mode</b></td><td><b>Time</b></td><td><b>Party</b></td></tr><tr><td style="display: none">*</td><td>legal</td><td>2012-01-04 09:10:14+0000</td><td><a href="Practitioner/xcda-author">Practitioner/xcda-author: Harold Hippocrates, MD</a></td></tr></table><p><b>custodian</b>: <a href="Organization/2.16.840.1.113883.19.5">Organization/2.16.840.1.113883.19.5: Good Health Clinic</a></p><h3>Events</h3><table class="grid"><tr><td style="display: none">-</td><td><b>Period</b></td></tr><tr><td style="display: none">*</td><td>2010-07-18 --&gt; 2012-11-12</td></tr></table></div>
  </text>
  <identifier>
    <system value="http://healthintersections.com.au/test"/>
    <value value="1"/>
  </identifier>
  <status value="final"/>
  <type>
    <coding>
      <system value="http://loinc.org"/>
      <code value="71950-0"/>
      <display value="Health Assessment Questionnaire [HAQ]"/>
    </coding>
  </type>
  <category>
    <coding>
      <system value="http://loinc.org"/>
      <code value="LP183761-8"/>
      <display value="Report"/>
    </coding>
  </category>
  <subject>
    <reference value="Patient/xcda"/>
    <display value="Test patient"/>
  </subject>
  <encounter>
    <reference value="Encounter/xcda"/>
  </encounter>
  <date value="2012-01-04T09:10:14Z"/>
  <author>
    <reference value="Practitioner/xcda-author"/>
    <display value="Doctor, MD"/>
  </author>
  <title value="Patient Health Questionnaire - Questionnaire"/>
  <attester>
    <mode value="legal"/>
    <time value="2012-01-04T09:10:14Z"/>
    <party>
      <reference value="Practitioner/xcda-author"/>
      <display value="Harold Hippocrates, MD"/>
    </party>
  </attester>
  <custodian>
    <reference value="Organization/2.16.840.1.113883.19.5"/>
    <display value="Good Health Clinic"/>
  </custodian>
  <event>
    <period>
      <start value="2010-07-18"/>
      <end value="2012-11-12"/>
    </period>
  </event>
  <section>
    <title value="Patient demographics (HEADER)"/>
    <text>
      <status value="generated"/><div xmlns="http://www.w3.org/1999/xhtml">Patient demographics (HEADER)</div>
    </text>
    <orderedBy>
      <coding>
        <system value="http://terminology.hl7.org/CodeSystem/list-order"/>
        <code value="event-date"/>
        <display value="Sorted by Event Date"/>
      </coding>
    </orderedBy>
    <entry>
      <reference value="Questionnaire/example-HEADER"/>
    </entry>
  </section>
  <section>
    <title value="PHQ9"/>
    <text>
      <status value="generated"/><div xmlns="http://www.w3.org/1999/xhtml">Patient Health Questionnaire 7</div>
    </text>
    <entry>
      <reference value="Questionnaire/example-PHQ9"/>
    </entry>
  </section>
</Composition>