[
  {
    "id" : "fhir.kr.deepdive",
    "type" : "ImplementationGuide",
    "url" : "http://example.org/ImplementationGuide/fhir.kr.deepdive",
    "version" : "0.1.0",
    "name" : "DeepDiveIG"
  },
  {
    "id" : "example-CDRS25",
    "type" : "Questionnaire",
    "url" : "http://hl7.org/fhir/uv/sdc/Questionnaire/example-CDRS25",
    "version" : "0.1.0",
    "name" : "SDCCDRS25"
  },
  {
    "id" : "example-GAD7",
    "type" : "Questionnaire",
    "url" : "http://hl7.org/fhir/uv/sdc/Questionnaire/example-GAD7",
    "version" : "0.1.0",
    "name" : "SDCGAD7"
  },
  {
    "id" : "example-HEADER",
    "type" : "Questionnaire",
    "url" : "http://hl7.org/fhir/uv/sdc/Questionnaire/example-HEADER",
    "version" : "0.1.0",
    "name" : "SDCHEADER"
  },
  {
    "id" : "example-PHQ9",
    "type" : "Questionnaire",
    "url" : "http://hl7.org/fhir/uv/sdc/Questionnaire/example-PHQ9",
    "version" : "0.1.0",
    "name" : "SDCPHQ9"
  },
  {
    "id" : "example-PSS10",
    "type" : "Questionnaire",
    "url" : "http://hl7.org/fhir/uv/sdc/Questionnaire/example-PSS10",
    "version" : "0.1.0",
    "name" : "SDCPSS10"
  }
]
