<?xml version="1.0" encoding="UTF-8"?>

<Bundle xmlns="http://hl7.org/fhir">
  <id value="e78f723e-409b-4334-9455-b22c52d7005c"/>
  <meta>
    <lastUpdated value="2024-09-07T11:08:30.602-04:00"/>
  </meta>
  <type value="collection"/>
  <entry>
    <fullUrl value="http://hl7.org/fhir/uv/sdc/ValueSet/VSPHQ9"/>
    <resource>
      <ValueSet>
        <meta>
          <profile value="http://hl7.org/fhir/uv/sdc/StructureDefinition/sdc-valueset"/>
        </meta>
        <text>
          <status value="generated"/>
          <div xmlns="http://www.w3.org/1999/xhtml">
            <p class="res-header-id">
              <b>Generated Narrative: ValueSet </b>
            </p>
            <p style="border: black 1px dotted; background-color: #EEEEEE; padding: 8px; margin-bottom: 8px">Expansion based on codesystem CSPHQ9 version3.0.0</p>
            <p>This value set contains 4 concepts</p>
            <table class="codes">
              <tr>
                <td style="white-space:nowrap">
                  <b>Code</b>
                </td>
                <td>
                  <b>System</b>
                </td>
                <td>
                  <b>Display</b>
                </td>
              </tr>
              <tr>
                <td style="white-space:nowrap">
                  <a name="x-http://hl7.org/fhir/uv/sdc/CodeSystem/CSPHQ9-Not-at-all"> </a>  Not-at-all
                </td>
                <td>http://hl7.org/fhir/uv/sdc/CodeSystem/CSPHQ9</td>
                <td>Not at all</td>
              </tr>
              <tr>
                <td style="white-space:nowrap">
                  <a name="x-http://hl7.org/fhir/uv/sdc/CodeSystem/CSPHQ9-Several-days"> </a>  Several-days
                </td>
                <td>http://hl7.org/fhir/uv/sdc/CodeSystem/CSPHQ9</td>
                <td>Several days</td>
              </tr>
              <tr>
                <td style="white-space:nowrap">
                  <a name="x-http://hl7.org/fhir/uv/sdc/CodeSystem/CSPHQ9-More|20than|20half|20the|20days"> </a>  More than half the days
                </td>
                <td>http://hl7.org/fhir/uv/sdc/CodeSystem/CSPHQ9</td>
                <td>More than half the days</td>
              </tr>
              <tr>
                <td style="white-space:nowrap">
                  <a name="x-http://hl7.org/fhir/uv/sdc/CodeSystem/CSPHQ9-Nearly|20every|20day"> </a>  Nearly every day
                </td>
                <td>http://hl7.org/fhir/uv/sdc/CodeSystem/CSPHQ9</td>
                <td>Nearly every day</td>
              </tr>
            </table>
          </div>
        </text>
        <url value="http://hl7.org/fhir/uv/sdc/ValueSet/VSPHQ9"/>
        <version value="0.1.0"/>
        <name value="VSPHQ9"/>
        <status value="draft"/>
        <immutable value="true"/>
        <expansion>
          <identifier value="urn:uuid:222cd186-4644-4890-94d6-85a0afa7d349"/>
          <timestamp value="2024-09-07T11:09:03-04:00"/>
          <total value="4"/>
          <offset value="0"/>
          <parameter>
            <name value="count"/>
            <valueInteger value="1000"/>
          </parameter>
          <parameter>
            <name value="offset"/>
            <valueInteger value="0"/>
          </parameter>
          <parameter>
            <name value="excludeNested"/>
            <valueBoolean value="false"/>
          </parameter>
          <parameter>
            <name value="used-valueset"/>
            <valueUri value="null"/>
          </parameter>
          <parameter>
            <name value="warning-draft"/>
            <valueUri value="http://hl7.org/fhir/uv/sdc/CodeSystem/CSPHQ9|3.0.0"/>
          </parameter>
          <parameter>
            <name value="used-codesystem"/>
            <valueUri value="http://hl7.org/fhir/uv/sdc/CodeSystem/CSPHQ9|3.0.0"/>
          </parameter>
          <parameter>
            <name value="version"/>
            <valueUri value="http://hl7.org/fhir/uv/sdc/CodeSystem/CSPHQ9|3.0.0"/>
          </parameter>
          <contains>
            <system value="http://hl7.org/fhir/uv/sdc/CodeSystem/CSPHQ9"/>
            <code value="Not-at-all"/>
            <display value="Not at all"/>
          </contains>
          <contains>
            <system value="http://hl7.org/fhir/uv/sdc/CodeSystem/CSPHQ9"/>
            <code value="Several-days"/>
            <display value="Several days"/>
          </contains>
          <contains>
            <system value="http://hl7.org/fhir/uv/sdc/CodeSystem/CSPHQ9"/>
            <code value="More than half the days"/>
            <display value="More than half the days"/>
          </contains>
          <contains>
            <system value="http://hl7.org/fhir/uv/sdc/CodeSystem/CSPHQ9"/>
            <code value="Nearly every day"/>
            <display value="Nearly every day"/>
          </contains>
        </expansion>
      </ValueSet>
    </resource>
  </entry>
</Bundle>